"(Intercept)","ses_ego","ses_distance","I(ses_distance^2)","distance","factor(sexo_ego)1","factor(sexo_alter)1","edad_ego","edad_alter","ses_mean","ses_sd","shannon_index","network_size","alter_apply_pct","factor(same_rbd)1","pct_same_as_gdemates","num_schools","mean_quality","std_quality","pct_public","factor(city)laserena","factor(city)santiago","factor(city)valparaiso","factor(reference_year)2020","factor(reference_year)2021"
-3.46697554179621,-0.0253437723086463,0.00982656081301002,-0.0187907519921894,-0.00017528754291903,0.0286983130154183,-0.164599325101499,0.00880677310742072,-0.0667607453706125,0.0507721650735609,0.144847126320767,0.202785874255676,0.000560416481524523,0.102763938406742,0.372770661248752,0.000967122239461673,-0.000533782581101122,-4.292842471791e-05,-0.22519245461533,0.685245271590839,0.157219273928201,-0.0433185779549188,0.0412756549686449,0.0563988502605613,0.0294473647376112
-3.57340529272803,-0.0268492365625469,0.0134369270804503,-0.0176437963429079,-0.000216961854702569,0.0240090879527179,-0.137317283702865,-0.00424301260344443,-0.053127224744462,0.0595020624081356,0.153020000029748,0.198234591192682,0.000804893119093431,0.102394712097823,0.409211564983566,0.00165550505554932,0.00169091577435101,-0.0532475825372034,-0.165979682988742,0.672115070675915,0.0922780542201709,-0.0803608076246859,8.90981080244549e-05,0.0428630715282775,0.0114143922363991
-3.09410534362864,-0.0382674084663298,0.0173254697641745,-0.0173110968737852,-0.000179624437678413,0.0163875884303881,-0.122449506250231,-0.0116752209295409,-0.0635446820355145,0.0775909588562461,0.14070566790611,0.156082191712195,0.000480285073391474,0.0989413777735645,0.385902426375445,0.00103746253478139,0.00104479030908555,-0.0169311919457961,-0.20405464894147,0.664555236544399,0.163118089054932,-0.0495619746154289,0.0223695216039119,0.0432536895203489,0.0113564710981498
-3.44018826492341,-0.0237507076726935,0.00529997229928411,-0.0194731421105975,-0.000138979899764732,0.00658938631098609,-0.129819693168759,0.00550373650188363,-0.0720581212651485,0.0394753875161573,0.191463229979904,0.166144414929766,0.000543511845730331,0.102317379526692,0.394455033713004,0.000449443078252244,0.000543908997745852,-0.116378485066286,-0.161834613821224,0.767667390786389,0.180224472995709,9.85086233155635e-05,0.0744414511591538,0.0444966214792015,0.0221224934791615
-3.52817088437417,-0.0132681628896428,0.00367335144909866,-0.0177390692442569,-0.000188408913835615,0.00871348513796617,-0.166904226264002,0.0133690992101165,-0.0677477565908033,0.0494189221928173,0.111476001321387,0.199033417908157,0.000667508409415462,0.102848512393976,0.361496313537554,0.000201835490145396,0.000823938410240528,-0.0732069953254227,-0.210554168458344,0.818137709923316,0.148908084167865,-0.0551814866029737,0.0567661305892078,0.0481117956785808,0.0154141528169364
-2.99292725305169,-0.0152279375951374,0.00223895054770859,-0.0158790797517568,-0.000119206810447467,0.0374903724538831,-0.186585716789709,-0.0134436108083483,-0.080159675033384,0.073981543382994,0.127512814436385,0.168267506807726,0.00031415687845639,0.101054097063186,0.387842305970193,0.00217007985485438,0.00082600747536998,-0.111413944699212,-0.192618894047389,0.872283430712368,0.219741296307143,0.0127123912283173,0.064688257210094,0.0492897271914092,0.019122761421802
-3.36704358569434,-0.00774427577907536,0.00259043872518653,-0.0194483719520495,-0.000135763349515598,0.00284166669152622,-0.121591056764347,-0.00136834955893434,-0.0672265520549526,0.0447016826508673,0.156504200791535,0.205089612678868,0.000660514673630199,0.102050720097967,0.395291630610855,0.0017910081142946,0.00139666135577179,-0.00229222436075017,-0.217968669908205,0.668036259947059,0.154432120009674,-0.10399180379524,0.022534616615769,0.0395375486602391,0.00870048949891777
-3.35625849647006,-0.0267313371142501,0.0101956449582032,-0.0184551951887971,-0.000155607578824331,0.00744454450475133,-0.120759832388635,-0.000938450811802039,-0.0728994341852902,0.0368584097236673,0.164227357740785,0.186720990380837,0.000668339515901743,0.102434444646632,0.417677887403359,0.0012179459917099,0.00156203958251492,-0.0111781761496845,-0.176971684517002,0.765908729543399,0.17549388724518,-0.0735713472729426,0.0274305615490353,0.0360464597567779,0.0103209194132889
-3.42891535826412,-0.029349182180983,0.0150714916942798,-0.0155822473687934,-0.000198255431593155,-0.0112937786374302,-0.121118607982498,0.0066330281116235,-0.0729596749291318,0.0768525042089423,0.141081417466547,0.173183116385276,0.000991071298097695,0.10071055716362,0.401735223183906,0.00218198424211268,0.000468085279382417,-0.041412105410674,-0.210106831099593,0.92736285795119,0.248180956173058,0.00849910200320311,0.112351569395006,0.039232434264239,0.0203485075504001
-3.57881433160004,-0.0182316393837409,0.00969401071872324,-0.0194846855330976,-0.00012801080417331,0.00163938494850362,-0.0821188809096663,0.0167097343536428,-0.0729754149189833,0.0544784659073847,0.127924412567413,0.212521345466503,0.000389817499486403,0.104134727562892,0.380288566284818,0.00249900273281475,0.00143784635479944,-0.103834339697318,-0.182488471104881,0.565171237558407,0.118888480864184,-0.0934338661942425,0.0101487079796917,0.0450084247053563,0.0189001504485632
-3.37827165064019,-0.0203502228016317,0.0104562704134982,-0.0164832870311747,-0.000109818254039086,-0.000752910854750492,-0.146277763448075,-0.0118715861546527,-0.063831427317719,0.0745539315683507,0.110698183033054,0.188019741305888,0.000387264901909392,0.102468118940943,0.390446020992461,0.00289241865978204,0.000408666408797197,-0.141432145605018,-0.121749823087073,0.867239580606281,0.184589154543013,0.0426311392774014,0.11272534871479,0.0396290613982877,0.0130001187457805
-3.47299357830656,-0.0251114385846092,0.00758372547592628,-0.0150488276563192,-0.000176856062313701,0.012708741382557,-0.0968887694534102,-0.0124816570453331,-0.058211794673995,0.0540689263852132,0.164116596435507,0.218876678915511,0.000359941618891507,0.104031551573626,0.418519132542902,0.000209899647328444,0.000875426411760633,0.119221456247743,-0.212195940960883,0.893654483863432,0.198383835208366,-0.0595121991875275,0.0742416194783731,0.0318328681395118,0.0147442138831979
-3.5002744246106,-0.0365237320435725,0.0181439448790341,-0.0190316827737624,-0.000165260867441075,0.0118800570533643,-0.153382527316637,0.0198506158503161,-0.0741671600643552,0.0771256135743389,0.173240233842586,0.176563248715285,0.000428197103343384,0.102068830269321,0.378549192556814,0.00162495197201917,0.00103838075432873,0.0382249451734736,-0.216514162007722,0.678285038778612,0.142993051243957,-0.0694764410978231,0.0433743332807945,0.0431757410191417,0.0152341709197186
-3.39194073882962,-0.0321581811296029,0.0163743714317847,-0.0192042794707091,-0.000168039109888484,0.0225542477340201,-0.148081310095233,-0.00970410643965516,-0.063343368973235,0.0732737667103374,0.149823107596056,0.198318868015768,0.000558861482021067,0.102545039877373,0.423390098618422,0.00221178065515104,0.0011402323746954,-0.152445316489716,-0.139856433004317,0.760163300740171,0.134542334568932,-0.0679622089894449,0.0332489663736841,0.0423392077540978,0.0225498403421391
-3.27089172293672,-0.0235965703094694,0.0121551382571524,-0.0175578610721883,-0.000202846034372494,0.00383968395265209,-0.147909017751477,-0.00437459503893755,-0.0666914525577973,0.0820682080241104,0.154781208883956,0.168060551862192,0.00063235969738947,0.100507650743792,0.351493101456468,0.00324340906751914,3.49650046627665e-05,-0.17962835303298,-0.16962588641247,0.723920039835093,0.183454396979732,-0.0107693663876905,0.0428767772195044,0.0456755667071499,0.0145988660909306
-3.55375824783321,-0.0144028481594337,0.0148369003994661,-0.0153946306984101,-0.00020900216697001,-0.00934596945281386,-0.14972880631984,0.00279890222420426,-0.0608457607142142,0.0381143094158386,0.190737255691871,0.19086673987711,0.00049275256648844,0.101086012527835,0.377039172404633,0.0019007416193538,0.00172966693002959,-0.0462689968023425,-0.173342154422863,0.652623054821252,0.165687104964812,-0.0754645200068659,0.0333305109449287,0.0400034179913999,0.0197778504823929
-3.68790339799405,-0.0353985163661114,0.0118764809055098,-0.0147753131582087,-0.000108589425231734,-0.0104190647848506,-0.129484158738919,-0.00319896499922838,-0.0501890746284289,0.0524710532574717,0.152425453424881,0.2182285106016,0.000169659847698806,0.10476425510151,0.43573571001428,0.00106927953747768,0.00132323660751141,-0.0331559962534523,-0.191933299896747,0.770233023551292,0.0916928615962543,-0.109182807352617,0.00098726555163452,0.0426511280215185,0.0298151950083359
-3.43403145562348,-0.0115753393959807,0.00725717900848321,-0.017207826556635,-0.000177281645608734,0.0308836075796897,-0.164880375080596,0.013459053535728,-0.0757008333041216,0.0624957341552406,0.158597601104377,0.192932957678466,0.000523539714712134,0.101436023523204,0.37851320757806,0.000772021394513341,3.37508868404767e-05,0.0509069166860597,-0.205792474868294,0.805597070727486,0.174570385441119,-0.0450539270860699,0.0246975779953626,0.0443233769345773,0.0182670424935599
-3.66411546947834,-0.0247308544166691,0.00563265520511577,-0.0170302484297749,-0.000171585848358929,0.00290443893991484,-0.146688363370138,0.00288737649169395,-0.0549258698277254,0.0711505348237459,0.199153796325685,0.21012229351506,0.000566093598994211,0.101569596178027,0.395142427343227,0.000828783936775748,0.000720458463714373,0.0378727771407991,-0.23901520150455,0.796522013268224,0.199504909849126,-0.0552474574589063,0.0535306572427665,0.038167448187988,0.0119912981859191
-3.31990768542474,-0.0328865244177238,0.00885357592702018,-0.0182771015108296,-0.000176436392118582,0.0171421789756548,-0.162427595779731,-0.00938192613604827,-0.0639994074855195,0.0704118467440096,0.149534886672586,0.17583701106561,0.000558832251671036,0.10049787259448,0.389676932429672,0.00261142874862182,0.001096238502198,-0.0255297625017053,-0.165279553162412,0.838602148127406,0.21190896537637,-0.0322850733883167,0.0315384040890222,0.0488160398556862,0.0230795325358607
-3.41164794385588,-0.0321363909691626,0.0114247721308852,-0.0179021224097736,-0.000157596502348259,0.0264482265520343,-0.121160672836286,0.00611752485003385,-0.0671224442737108,0.0177060298397234,0.14653922719112,0.164593836738912,0.000485074811964325,0.102943358601051,0.393795025919256,0.00163803522084639,0.000792385840297186,-0.0740722958913446,-0.15516231071241,0.551863220049108,0.116350199511045,-0.0588642790463972,0.0358147349234523,0.0401138184447466,0.0273963014393602
-3.69910834650715,0.00254265387079262,0.00249490458009193,-0.0197452407590049,-0.00015477235748155,0.0179430755953142,-0.0925123201265853,0.0190775672542553,-0.0770406002953698,0.0447758586287553,0.155267287610589,0.236974131276417,0.000447036975421424,0.102647081713847,0.386094427844192,0.00254168192362611,0.000411808575862421,-0.084017351440043,-0.17176804055127,0.801223238145211,0.121310951761204,-0.0633758079886444,0.0092149526496347,0.0433541299974979,0.0272562867559003
-3.38392366318592,-0.00767610627114237,-0.00198624576354089,-0.0180518850889502,-0.000103282653607079,-0.00172362905850729,-0.163768548189819,0.00774387638458654,-0.074118294135402,0.0324967558702901,0.155167396715782,0.186544519063319,0.000446438371062443,0.100991014939508,0.396369640719317,0.000209561622759455,0.00165072653000497,-0.00278179753696024,-0.227827226349784,0.827825733751953,0.178378384122414,-0.070974203193275,0.0359383586218193,0.046110450555312,0.0292335043686567
-3.07998602460276,-0.021371424616854,0.00862454681793034,-0.0156681185469509,-0.000221629149479677,0.00933277948939749,-0.111880018994939,-0.00931728858475637,-0.0781109405418619,0.0431492998148932,0.116268913014937,0.222941241191201,0.000479982606638612,0.104014633277757,0.355272930633315,0.000596542539417711,0.000257495896146267,-0.0057925527007499,-0.203386274317147,0.691721996911353,0.177105054406287,-0.0742307738819893,0.007867851748945,0.0308862826152333,0.010866520349279
-3.61633912936445,-0.013611929522835,0.00543257525395339,-0.0164946367365698,-0.000172358435469084,0.0293405497616314,-0.155847007103328,0.00333453244925881,-0.056938758064578,0.0444768257007525,0.14115645218515,0.210976553324717,0.000476196628254976,0.101816306777072,0.373698356059906,0.00140202945624166,0.000148379237213356,0.0138713608795171,-0.216122968300756,0.845854081570034,0.196643013965286,-0.0515632065868727,0.0579789493495707,0.0437506223927236,0.0208578982388322
-3.67741052876419,-0.0125853343682852,0.00950159807640593,-0.0169534453176237,-0.000207127932046166,0.0187014038408595,-0.150444595909839,0.0186389057948669,-0.0728343691798096,0.0567591835109021,0.160351571637478,0.20328634807248,0.000442810333909221,0.103121985339758,0.391135836932619,0.0024447608270059,2.50377806455954e-05,-0.134184375065151,-0.166284194047225,0.802674763159798,0.188691037226253,0.0143254912001657,0.0472567451732462,0.0469829736536877,0.018115981717756
-3.14422116757236,-0.0275857015253753,0.0172340346099538,-0.016473569868591,-0.000190851709014436,0.00394558556892027,-0.168062774078776,-0.000215205252277586,-0.0754940330684419,0.0650503089462798,0.138515092195212,0.185601750820933,0.000617071585395126,0.0998062803634945,0.380996239989709,0.00129978914092262,0.000963849196626743,-0.0464583741360135,-0.225944003582299,0.728664780649958,0.168926328714163,-0.0688767617758081,0.0294599762530263,0.0399482948292995,0.0172297428087843
-3.4507258525113,-0.0237039438642887,0.00595792874550559,-0.0198309878618719,-0.000187339038022196,-0.0165299539768422,-0.11949588769075,0.00212149685206464,-0.066025105610128,0.0840590884505746,0.172299626659218,0.205275864321028,0.00062952897289939,0.10310576622938,0.430909393093824,0.00183366512943447,0.000911444456089221,0.0403476141637633,-0.204431227667134,0.674995148007712,0.158905080719484,-0.108262174513541,-0.0138081368414339,0.039879141305146,0.0247293626305915
-3.52589052287302,-0.0182232321200872,0.000677979905512532,-0.0159328271405901,-0.000139449284447702,0.00172345100279208,-0.160115113367042,-0.001233552652775,-0.0639064648791806,0.0404968066608462,0.177235352990723,0.184807051996035,0.00068749613108524,0.101376396224121,0.387389166631359,0.00122952117923215,0.00100786552317655,-0.0976148988268132,-0.141967263367227,0.840640462592306,0.174486715307583,-0.0477097949973021,0.031823290029435,0.0461069663384783,0.0195408923085554
-3.87603592407799,-0.0264030283963858,0.0144414907347729,-0.0195780889612976,-0.00021446335298411,0.0156256559997158,-0.113665132115669,0.0150262731827822,-0.0577733664388391,0.087378546726767,0.175556851765949,0.19335653170468,0.000849555580010286,0.101195344798134,0.402682261945646,0.00248311313283888,0.000836507989525032,-0.110105363796554,-0.187808255070228,0.948609538482776,0.218748601618865,-0.00956777640743261,0.0812724876130527,0.0421408743189673,0.0140869903413966
-3.3751158002282,-0.0240203828485849,0.00979875797232039,-0.0199874230311103,-0.000145680369888215,0.0224761760450343,-0.115757320983388,0.00415121563882791,-0.0774113894671623,0.063799103954662,0.171214582801678,0.189880955343685,0.000635318006236346,0.102257248207622,0.425429816609218,0.00118491666947198,0.000669084261089351,-0.0353892376384252,-0.201642046738749,0.823282209417518,0.217775694415511,-0.0251054467683116,0.0349620152367378,0.0340401336087434,0.00834433543884122
-3.12808056568771,-0.0228414635870006,0.0110802950293206,-0.0197549740295667,-0.000208713401694436,0.0196795208358678,-0.16222772236575,-0.0141789968943082,-0.0713236214931302,0.0707492737405088,0.177244779512557,0.185980418507871,0.000681616532411259,0.101861941942359,0.373790134231506,0.00214257368922322,1.01350086490745e-05,-0.0719423744603247,-0.139030377889448,0.624936048731383,0.174651546179269,-0.0408970035250603,0.00361599490495112,0.0458058313101528,0.0198208093916259
-3.0072578545839,-0.0222938464386378,0.0133059926116302,-0.0185421533545414,-0.000215773905908106,0.0266283913199745,-0.137083646914723,-0.0180759087190581,-0.0688433453453273,0.0848933915499002,0.139292392975202,0.189490163632488,0.000819305236311256,0.102075018920575,0.364321262636727,0.00299692150550636,5.70315090865955e-05,-0.0370440642926099,-0.21960867674518,0.565851825875044,0.148857347969524,-0.051248790593405,0.0543197138887419,0.0447382394962392,0.0226514867573663
-3.08766801322844,-0.0205407939049888,0.00872003029319977,-0.0196462930093244,-0.000177166599305216,0.0138853862854676,-0.139354475255981,-0.00586988892798384,-0.0790619029738157,0.0459477957562697,0.126626557289821,0.201039589422618,0.000381757865237216,0.100653813068667,0.43795140289559,0.000267364606773157,0.000348460349119214,0.0320468983711599,-0.196483249424291,0.800831982607906,0.173077873947552,-0.0582146059615496,0.00244448971331107,0.0457069323792697,0.0307584786850546
-3.39678089850108,-0.0220663142424924,0.0145228908846018,-0.0188279825599939,-0.00014920263222231,0.0104788798910764,-0.15259742019919,-0.00448134594989379,-0.0603808792521692,0.0712631616018074,0.158829652397473,0.190858698182851,0.00054807794161481,0.10221470066616,0.398012169422486,0.00115528851034893,0.00162742308710481,0.0581333719044023,-0.24284424504955,0.803893345854127,0.20283486684494,-0.103412546393795,0.0314767998311373,0.0362618490595006,0.00929666856365759
-3.44872591309659,-0.0200268049525193,0.0038648083651496,-0.0166990774936337,-0.000204515879517551,0.0182404978686337,-0.111228610776335,-0.00821060891391634,-0.0630597126316364,0.0629839723578135,0.132613592313288,0.188787929420629,0.00086652049583217,0.104178405695005,0.390546051647889,0.00241966333100306,0.000333281268912175,-0.213179598359401,-0.138047024988897,0.828703790733748,0.175643134739461,-0.00866911301908685,0.0563010565592741,0.0407820066526462,0.0190321026616234
-3.82069143579285,-0.0353394060512918,0.010397770498276,-0.01753616085351,-0.000156981151254301,0.0178157916033723,-0.117536815106532,0.0103320140493651,-0.0571116602745785,0.0634361415620453,0.176085067341459,0.204139366278384,0.000570204622734117,0.103798990685097,0.391369898235079,0.00059188525041788,0.00206547221237926,0.0130612831866202,-0.149723844742856,0.701470840634219,0.170093166627478,-0.111465405920527,-0.000605298841557362,0.0514085751109318,0.0253551847495499
-3.47490898058312,-0.0141712719595695,0.00886046746351779,-0.0187921587297472,-0.000141516277229086,0.0261091058370496,-0.125304364072702,0.00370080466175502,-0.0649968684151161,0.0666904884634014,0.179189571570356,0.160637154122379,0.000448378639499298,0.10166813622879,0.376551510990082,0.00214802398083921,0.000967041285845901,0.00580337315571749,-0.243661122291066,0.853071901960957,0.191507970199123,0.015275546727549,0.0795330411810795,0.0405423829899829,0.0143264270615515
-3.30988070295032,-0.0189101990371551,0.00462001557206127,-0.0195669369757685,-0.00014754190970633,0.0449900726996059,-0.160211046905293,-0.0103140710609896,-0.0679662806939803,0.0244793879095875,0.157101328968005,0.186832470155933,0.00063682936653678,0.102895606423888,0.366844044100482,0.00131852845035187,0.000178288434694509,-0.0453392487280563,-0.172846470853991,0.839709913564734,0.219686891199361,-0.00356959278478908,0.0218548260655685,0.04604870324102,0.0285982419245762
-3.45876871594069,-0.0319257474463263,0.0138975745374051,-0.0181777086093812,-0.000164028250146563,0.0276961875725864,-0.128195527055321,0.00472411236944623,-0.065830353859166,0.0395059734355727,0.185412074089753,0.170519624257436,0.000623498844295842,0.10067247587828,0.428370904267984,0.000764092169949458,0.000812289547303724,-0.00221151638418208,-0.190988504969199,0.692687202775308,0.19921953968053,-0.0478003063137239,0.0332918333345892,0.0452990733786328,0.0234773803926834
-3.32135513041516,0.00182452984155064,0.00133139957309062,-0.0192726616618681,-0.000157272200201594,0.0399927124150171,-0.131680270247309,-0.00928205512581657,-0.0591995781327532,0.0370058184880731,0.132483835186927,0.186567265917943,0.000551007198151696,0.102185789738145,0.376118802724118,0.00238688103159254,0.00110169787101335,-0.0262777886925583,-0.203616414041775,0.577118080967131,0.154517164150699,-0.0527544012054345,0.0673373163810873,0.0377380203684968,0.011348724611295
-3.71344857408773,-0.00473884642984113,0.00548614394673981,-0.0148444168562957,-0.000162657159407788,0.0379254346524967,-0.104654199684202,0.0221528069290005,-0.0654453424772321,0.0109266718827613,0.164767851047809,0.160346963398444,0.000576261628482765,0.101720239971222,0.381908566108485,0.00209094480609084,0.000833931821236885,-0.122554468419408,-0.20062972671861,0.750731053622965,0.122574630573279,-0.0323253135815423,0.0593122559777573,0.0504347744030223,0.0218447715833315
-3.33345880847623,-0.0190756056119506,0.0123524347559974,-0.0177061363043004,-0.000159748160013826,0.00290142790132676,-0.157079239034678,-0.00623187502998364,-0.0547785798826035,0.0773316770071956,0.128860427418821,0.137521189287125,0.000846541589298621,0.101843167056618,0.418379387526079,0.00212282774272943,0.000226492427379137,-0.0649819649361031,-0.140478194200608,0.566131315920019,0.180213081041727,-0.0192414732843998,0.0937754757905944,0.0463477112936086,0.0313251675770835
-3.35517431116583,-0.0125740003298278,0.00857585107070928,-0.0148094471129841,-0.000164980974485992,0.018631748570815,-0.14212783845108,0.00472962742642444,-0.0690476226315384,0.0745287203677088,0.106408206811102,0.196390665733986,0.000338408747861951,0.103194418440895,0.382410545870571,0.00214295547711144,0.00195114521710719,0.0309099371798584,-0.266166805589247,0.760649597052662,0.162802406436796,-0.0966274640761202,0.0527888375863432,0.0394868673185835,0.0206638702468451
-3.21000628753432,-0.0141509190179775,0.00511332637261641,-0.0192235021092262,-0.000177937279483041,0.0266022052658586,-0.110282289685415,-0.00769330256788449,-0.0717374150786997,0.0605323598208194,0.128869759618824,0.166725786949965,0.000851386333821548,0.100896769645716,0.427568177357108,0.001126816482053,0.000309500317573701,-0.031435391729461,-0.190977146481831,0.948622970331087,0.176580528798913,-0.00788353555083087,0.059569058801479,0.0375405656427831,0.0159835775315501
-3.4150600545765,-0.0197060666323303,0.0106637235762039,-0.016673959349821,-0.000180071243615113,-0.0196714985015434,-0.15706915583197,0.00425497203298791,-0.0659585055695351,0.0463230987010784,0.110376027034464,0.20444897785655,0.000472210836337508,0.101096310737223,0.381450171903602,-0.00053724940452794,0.000872098656758341,-0.103818857803299,-0.197109039931276,0.80118827091136,0.1806498646395,-0.048335563258256,0.0377736876312136,0.0476637337429428,0.0238090725681747
-2.93904065081075,-0.0378625876384903,0.0139807373804798,-0.0193710111341526,-0.000110907359509295,-0.000859351773750804,-0.173385204105997,-0.0193011518326988,-0.0751287062814955,0.0777216624741786,0.130056989441193,0.183195428178396,0.000406036374117336,0.103808416881229,0.414242601749869,-0.000193148259342529,0.000119800491403714,-0.0681826419012921,-0.211558583516474,0.721408813022837,0.178075435110387,-0.00508497106484268,0.083177880886504,0.0472000381995511,0.0206800557934422
-3.61832650194528,-0.011340757228772,0.000374984759385768,-0.0177203946917606,-0.000175881783231406,0.00163323006516823,-0.125243682269333,0.0198821386133401,-0.0798194737279476,0.0453406874043003,0.154590735554375,0.227050408875097,0.00018020332268867,0.103083963835612,0.415047103326449,0.000241909302411769,0.00112016151613716,-0.0504939131618233,-0.216151034388286,0.974120766142209,0.172344274186043,-0.0541431492724227,0.0376917405749438,0.0400925896759871,0.017343713863742
-3.18999476305539,-0.0197092703408714,0.00901250562626829,-0.0200929769556654,-0.000178400755797273,0.0142448329119878,-0.116460654231355,-0.0112704194563175,-0.0679143234110058,0.0548426226774423,0.17046811804337,0.179002157275666,0.000378766149159324,0.101520573274791,0.409459186303322,-6.61008548617771e-05,0.000151621687810686,0.0629835532256744,-0.235291339453739,0.925508977836691,0.182545454941085,-0.0156585444898356,0.0590551893305961,0.0382268443839545,0.0142167429730576
-2.99620190029734,-0.028039645914258,0.0114036873348488,-0.0163246461180823,-0.000153106496645308,0.0102172472033831,-0.149983873123809,-0.022292352388076,-0.0699730821484846,0.0508587138096711,0.119583490363353,0.192865112278231,0.000235927119851408,0.0998096227721927,0.353518399949195,0.00104358715895103,0.00169351605816615,0.0473136090366554,-0.204591636005437,0.92010910998038,0.172065558477462,-0.0654550760570191,-0.0323329036758355,0.0442712791462282,0.0208312333917479
-3.06493051580117,-0.0191700440176459,0.00801279181272025,-0.01939256458585,-0.000187532221576678,-0.00242191584342011,-0.128229648228242,-0.0232223279483833,-0.0682341673380635,0.0930301443056082,0.148153988460886,0.184753365579819,0.000677256907551458,0.102417062768691,0.417872731512226,0.00399014569511237,0.00105880054872371,-0.017479182781739,-0.20998846192614,0.825338142512971,0.18025781430749,-0.0425556977430312,0.0690015843353985,0.0368211312939598,0.0133785698182378
-3.11920362249227,-0.0327640790907649,0.0132250143862085,-0.0183046800645513,-0.000131037331387756,-0.0052062346252594,-0.114478449076703,0.00211838549337187,-0.0823022802698331,0.0748585497897491,0.186088548545615,0.148903921552138,0.000477280758574332,0.100063089164632,0.394414265954493,0.00143398787469443,0.00198963056395699,0.00296170111624395,-0.266830178362244,0.86310472077418,0.172792897984993,-0.0648303627793631,0.0141282968328325,0.0456164815544075,0.0105337339048245
-3.11304564575785,-0.0352028577986971,0.014820247413274,-0.0180025350012154,-0.000154927504005295,-0.0180640328438216,-0.156144649527248,-0.0250684209205927,-0.0588271523755421,0.0852995809031638,0.163845700300694,0.207529014329918,0.000342538739694927,0.101179669851304,0.3817645631582,0.00265455660783876,0.00104781941174174,0.0232606709962845,-0.24877373785238,0.710861809378579,0.178376934288274,-0.0768496190617796,0.0399644147187413,0.0416758102569755,0.0114017403171591
-3.20083584912179,-0.0176625404186575,0.0123499051538158,-0.0202334067063839,-0.000205079723550259,-0.0264033178193856,-0.123205005024867,-0.0142154635112853,-0.0590889258943367,0.0321771563676941,0.127694437545102,0.187035761929223,0.00062790103768303,0.102247861060752,0.402824338639342,-0.000261698957478912,0.00177099390498082,0.0539425783382249,-0.236644144542376,0.746817131111774,0.177646746173458,-0.0930222331361115,0.0318356822507986,0.0543742695977105,0.0224761164927673
-3.19772080141768,-0.0322602224654761,0.0145169679431808,-0.0207938238870708,-0.000207316886885784,0.0183218762076015,-0.121148363605318,-0.0117512223243009,-0.0707057590816311,0.0482484489496567,0.150682980205638,0.201098645593413,0.000737354283359261,0.102115143861283,0.38742635228857,0.00167242485543648,0.00129810127222372,0.0365362091021636,-0.190623325341933,0.782723733447035,0.153746379479482,-0.0871050615828078,-0.014553375235649,0.0356837739301282,0.0111215163907085
-2.99395665457057,-0.0135764637325233,0.00100316469289831,-0.0200750911721235,-0.000147236218650076,0.0134070609583657,-0.140459418788661,-0.0175499748442178,-0.0646817474333879,0.0369179318020801,0.133732455953956,0.150986115458438,0.000399918977377771,0.10109087809461,0.381858572945819,0.00111686820354379,0.000455292119474189,0.0383790932013057,-0.21532236275886,0.704683153906354,0.185033217479849,-0.0265213423986254,0.0710387576985404,0.0373382010283531,0.0162135962820271
-3.26053774203398,-0.0218063126520016,0.00593587400323342,-0.0179672336996004,-0.000188521110149125,0.0301928084742867,-0.153529987399848,-0.00478442372375399,-0.0701811358770794,0.0540045958477147,0.116231227868693,0.207577892180575,0.000424550305282373,0.102554619960888,0.386526317709818,0.000539195067116807,0.00127711085883174,-0.086789275632421,-0.224438047034807,0.796613723100548,0.164687409787741,-0.0615900758621133,0.0433345254848378,0.0371908645076706,0.0141035375722818
-3.41433701204579,-0.00886822034682609,0.00435292445418495,-0.0171664953782874,-0.000156294746029305,0.0100377695334762,-0.12251760218818,-0.00169159412266736,-0.0691989317397783,0.0409071822675138,0.123287951117681,0.213501500554488,0.000196808647758793,0.102020761706677,0.42392748388019,0.000983274106537927,0.00127220516501184,0.0434322381544747,-0.181284014324033,0.937836402992548,0.16231121006651,-0.0561846655553485,0.0315677145371851,0.0407723133749933,0.020398312776885
-3.40129012917383,-0.0248156012523489,0.0153762048119886,-0.0145589501471331,-0.000148765516134802,0.00194960402275257,-0.132280795728127,0.00478876964658522,-0.0706534477319031,0.0583124869416769,0.14668257391542,0.175479872758204,0.000618107223068223,0.102211877201663,0.380295908393929,0.000612109661526118,0.00145250022164775,0.0193653246086449,-0.177675321036729,0.712664046411654,0.196971283881773,-0.05307431829004,0.0614150259320269,0.0483825152015174,0.0210280828810207
-3.25856424902081,-0.0206042317534839,0.0158246201291891,-0.0160710954825533,-0.000193780914215896,-0.0135058546356078,-0.156324333366393,-0.00264879717821773,-0.0739887050734578,0.0441717648068954,0.145555476463856,0.198560750383168,0.000720006391842672,0.101875572164041,0.391987330500153,0.000768506056033636,0.000869187034845801,-0.0548627361973669,-0.198709823034834,0.812286770599781,0.128521625572111,-0.0431781193469241,0.0378800552156967,0.0390899183299175,0.0115687361527377
-2.94795771441704,-0.0290350741298969,0.0100851248527437,-0.0174244525140397,-0.000140296349477978,0.00998262760731777,-0.167588664758622,-0.0176616775224513,-0.0766655214500245,0.0743881313808556,0.156373751115978,0.153804596790146,0.000552690101598595,0.0997117861065609,0.400030101973192,0.00211571667042973,0.000906982446428287,-0.0503902139047576,-0.1658092169052,0.822078673427484,0.190772574770634,-0.0229246140699617,0.0524260610058435,0.0410687436275774,0.00590984500563791
-3.09803213344829,-0.0185360295995245,0.00692755055622263,-0.0183143677582343,-0.000236955074927357,0.00756577128711625,-0.151954028267916,-0.00817035864010338,-0.0718885497421225,0.0708949081185491,0.169348302715973,0.15813298773624,0.00090215939606865,0.101523740467746,0.398278066892986,0.00206194099949081,-0.00024894041653881,-0.170172073037506,-0.214261748518533,0.75708560005684,0.185625981577548,-0.0114223087470967,0.0367521204537801,0.0463427491150846,0.0189113268311323
-3.91300691064618,-0.0239477105827434,0.0092521042857683,-0.0153557128674256,-0.000156148626053368,-0.00174676895976998,-0.133772686822363,0.023410495361082,-0.0522849839255805,0.0404072034382996,0.166518247818597,0.193204922896852,0.000758205415200524,0.102560311321014,0.407717408126622,0.000642039700829357,0.000761076272845033,0.00733849032630659,-0.217023014076341,0.632513599343007,0.155903488379717,-0.0861099391972367,0.0127977580114424,0.0464247546050016,0.0246257087077111
-3.40347146758709,-0.0181700157199352,0.00804235481894621,-0.0154189962222486,-0.000190533265947467,0.00202332359855423,-0.147806283040809,0.00216174072855706,-0.0711464003447921,0.048691105437338,0.206337656888236,0.205716799719127,0.000487817614394019,0.100969050927584,0.358259735193089,0.000719317550349982,0.00174393302151964,0.0165246932011644,-0.228474099243209,0.701704437236004,0.177977489139819,-0.0976445261330131,0.029630274364634,0.0521271372751038,0.0269618120481249
-3.05167736520769,-0.0308029598159316,0.016414468195498,-0.0182182937541371,-0.000179450162793826,-0.0107304412246678,-0.129221142626913,-0.0193903186497583,-0.0681395558802435,0.0763544981021427,0.120918415589963,0.187355852788232,0.000667862482732911,0.102249780566651,0.386846773226206,0.000700927588368742,0.00207595204024501,0.00101628442360712,-0.244601206989006,0.881085083955367,0.210722710447914,-0.0696652227142664,0.0434027795501475,0.0304187514501403,-0.00536813157067805
-3.18926083716068,-0.0189358167328755,0.00759302654398008,-0.0149553803006243,-0.000191099185918969,0.0389786690057365,-0.137543808905112,-0.00856041302504899,-0.0744307116074135,0.0702161600879606,0.16456182880507,0.170695071212401,0.000731149904190418,0.103305578455737,0.403329509848688,0.00178296207728438,0.00161138803385802,-0.145605078987353,-0.212512264547945,0.726803226138323,0.15293725078999,-0.0407071331262589,0.0940970987864484,0.0508572016490343,0.0211507113305081
-3.32192073211027,-0.0321806317133147,0.0140658441257751,-0.0191979219483603,-0.00015128482791696,0.0115378012702362,-0.125496662177436,-0.0101428802184892,-0.0642230527673313,0.0557716464217427,0.168320107736171,0.193554787723493,0.000468772039286317,0.103537868739193,0.399557118776049,0.0018754682461828,0.000972048931328641,-0.111577605187353,-0.149969316271216,0.55784171993543,0.119001885364892,-0.076166557615541,0.0261211741214969,0.0420839214996699,0.0282758408819397
-3.15213576833449,-0.0253073101912143,0.0166632198367598,-0.0157293418172891,-0.000128490759348666,-0.0133315855751107,-0.164242472145137,-0.0103155402362442,-0.0656023734915516,0.0749859489401314,0.106137985683178,0.169810907948449,0.000329769982406282,0.10159934380992,0.396284141838259,0.00209517481734723,3.50018722971511e-05,-0.106622706717661,-0.174615695185288,0.783151851970325,0.144830390443058,0.00387581686152209,0.0379775708773923,0.0315404538775689,0.0152998549428149
-3.14900119631507,-0.0327622372790714,0.0183064446128782,-0.0189633753768345,-0.00017388028158079,-0.0214195050169738,-0.1597756003826,-0.0188212763006451,-0.0628839668517022,0.0645402054726896,0.178418567109321,0.174409618552246,0.000556045908486276,0.10066828923616,0.410776463540161,0.00134321522430702,0.00089504137261972,-0.0421176124740526,-0.221330773692816,0.856690549835947,0.207330779727297,-0.0232646852395915,0.0319700029995972,0.030856218708275,0.00768741418804128
-3.09278349650459,-0.0269106413547465,0.0167376972445255,-0.0184911719692739,-0.000192469285687986,8.57009460279592e-05,-0.159955923584719,-0.0147644253697558,-0.0713700530730697,0.0716643779889065,0.179984906059149,0.175743550026702,0.000687770714672387,0.100528894622993,0.345611170026954,0.00152147871857593,0.00104561709182291,-0.0965936044933824,-0.239599319193097,0.803892752547287,0.227422001748634,0.00885833654764434,0.0629639862295884,0.0380867553544044,-0.000951767715336351
-3.08527179804896,-0.015252566424465,0.0072809114681866,-0.0199156157511323,-0.000178307090417316,0.0157952861645286,-0.120288480649022,-0.00534946129313567,-0.0819611931139929,0.0460883004258087,0.155318940149694,0.191765961710591,0.00049572146430497,0.103041751717122,0.38159829408394,0.00121729644649438,0.00159519920936535,-0.049377975417357,-0.204676698151526,0.705953019774015,0.153931901385075,-0.0964599384195481,0.00694898219733838,0.0447763834051417,0.0234200580532563
-3.46128221764281,-0.0318826047193216,0.01441571797824,-0.0166545282466534,-0.000182635078541184,0.0238245755341943,-0.149690439010121,-0.00297732297750677,-0.0621754274336716,0.0626046867916303,0.156066279191344,0.213680104428023,0.000570884679073893,0.102015497868261,0.346678786370225,0.00142303182416524,0.00130884226440104,-0.0127377240675118,-0.16238799539835,0.605458504064635,0.149534055587473,-0.0992801516301287,0.00968033253518449,0.0538430447711818,0.032356664976622
-3.27789669263449,-0.0185569036396923,0.0142203089106672,-0.0173207034480605,-0.000134972094251816,0.025806124137237,-0.140581401199029,-0.00192511633116191,-0.06508797365021,0.0608179925225519,0.137716537229641,0.162182451490078,0.000598309665243686,0.0995217324985405,0.362423284119396,0.00259346043189506,0.00120705041725431,0.00250928558056248,-0.248681819115548,0.732415553716231,0.218285214880505,-0.0475797984004277,0.0723770718869006,0.0444086598127214,0.0260051607286183
-3.43503703690523,-0.020210819208713,0.00896697359830216,-0.0182305678380672,-0.000178341739447123,0.0176752836242272,-0.149150614219518,0.017262965191324,-0.0761304870365188,0.0628525037701343,0.111875192606844,0.206331967875722,0.00036243083113443,0.102645084941231,0.420209717462165,0.00104235702030006,0.00123870294255682,-0.077362644652125,-0.238757077535145,0.757047694897073,0.133288673809047,-0.0971698840868979,-0.00373764238120899,0.0465522412048932,0.0258897215990267
-3.61431339169011,-0.0349679850885387,0.0238654642709695,-0.0184544616930381,-0.000177487036880786,-0.0112671109455986,-0.150829366517042,-0.00477128007498766,-0.0473974105666557,0.0690730359352647,0.203225651155008,0.192593249563232,0.000352578955139824,0.103122997923827,0.354150039137129,0.00273647366873326,0.000460369891652237,0.018524375112283,-0.196678717465053,0.638232882706082,0.162826906243073,-0.0468815650225761,0.0522123956288648,0.0408499227883736,0.0165633599355372
-3.07305067505838,-0.0186111150173939,0.00950664265677709,-0.0139995001904824,-0.000211764557061184,0.00239957524778616,-0.12286408720841,-0.0130580078992141,-0.0731928790087756,0.0625634777310734,0.171060805744367,0.169918332437918,0.000635048710581621,0.100882655012731,0.407314881505068,0.000981889631349326,0.000760145644041164,-0.0617053581176376,-0.20561394359915,0.771005236280144,0.206658376877181,-0.0194227654378904,-0.00270264132809091,0.0402585717492192,0.0187282108882332
-2.89916387411868,-0.0287625793198912,0.0100714412155202,-0.019801649847171,-0.000183674848986447,-0.00805070993296677,-0.14710197582672,-0.0274438652533586,-0.0749741132131101,0.086644588115499,0.166091267706321,0.198728793557665,0.000760346078564911,0.100921345168323,0.366113666184525,0.00155579492550136,0.000105507027823992,0.0614897098448914,-0.248576440925319,0.904844006004,0.23268115882343,-0.0157823585334972,0.0686887294904608,0.0534989778988698,0.026355451296543
-3.13003341564165,-0.0284923452738695,0.00780336647970459,-0.0166638309686056,-0.000155989517748298,0.00554275173770113,-0.133824367828589,-0.0143073460707663,-0.0726035169303788,0.0646367746397844,0.176628494078606,0.195346886080886,0.000445595568416229,0.101894290870557,0.370164576325017,0.00267953877406049,0.000592491628115522,0.0362159125154963,-0.186964116367996,0.611416638457176,0.187825408021726,-0.0490703138655226,0.0445617341998922,0.0438268267651109,0.018260330349399
-3.12445261973038,-0.0194119094161,0.00365811333475458,-0.0205577474172354,-0.000201172445334742,0.0017675347749304,-0.123804018661022,-0.0100534581572053,-0.0705741763140704,0.0569776354179867,0.153817714322732,0.179217629776251,0.000790409137638805,0.100954880894075,0.393726530007033,0.00253397451089473,0.000242645240410429,-0.0344545502358805,-0.185773594145445,0.710687129411386,0.146050727793277,-0.0599185236296761,0.0299195770576969,0.034772156388518,0.021081103210851
-3.4818401967231,-0.0191216267792638,0.00341174216070731,-0.0175943052175075,-0.000188680868238883,0.0123050569565779,-0.124049551235543,-0.00178713527064021,-0.0614588950980856,0.0300123909189355,0.187967361089398,0.198069764397262,0.000408261961283278,0.101403098848025,0.385833475386593,0.00156716052277946,0.000685349870919749,0.0723075481012792,-0.227345697010908,0.7718407386805,0.176785735255291,-0.0403122643839183,0.0794723985290211,0.0430403257559036,0.0192923908983682
-3.56993225810743,-0.0232911930086737,0.00319990315032726,-0.0184478278135666,-0.000170232953873359,0.0345165931474771,-0.147161989780832,0.00672534292962334,-0.0587365628278243,0.0515139039320793,0.120670349460453,0.166870804552888,0.00104618992665648,0.103930285968482,0.393626288827175,0.0008657720488686,0.000903556407460954,-0.06479654981777,-0.155069936465005,0.587177022650561,0.16922150644197,-0.0483998861796456,0.0915271469200772,0.050020453490306,0.0237438012270306
-3.33885520073276,-0.0191942734086695,0.00571488910971068,-0.0207585103773256,-0.000165742066315064,0.0235315951651688,-0.115657199028209,-0.00705934950702305,-0.0641548033224755,0.0759151352513635,0.133066210624987,0.17006112922078,0.000680881269999857,0.102757433803964,0.41137069544898,0.00208730278431417,0.00206394378595486,-0.100340031952531,-0.17599649146402,0.761560081669022,0.14110660356171,-0.0725896780685779,0.0298144156191289,0.049671965249304,0.0234024529617334
-3.35790873411829,-0.0157985390124815,0.0115473106111915,-0.0167323125838118,-0.000193427079574983,-0.00540570282211448,-0.132612714902686,-0.00199987204766954,-0.0731454753236589,0.0708496939220333,0.11961104890194,0.208046091475965,0.000680853788481172,0.102332729382722,0.405420731690856,0.00233745970268861,0.000319525606092936,-0.0352237030075047,-0.176268623633407,0.913672834725877,0.207735660377806,-0.01325995334105,0.0769830380145924,0.0347182464300712,0.0162908845586226
-3.39887753759208,-0.0144527763200125,0.000388711903214644,-0.0176663197502315,-0.000156224188417341,0.0262293445460398,-0.0956408746363047,0.00156257371843208,-0.068413999152687,0.0485145744732558,0.180514574957987,0.167447663550235,0.000624806907831197,0.100424508064099,0.38996590576501,0.000872500118429914,0.000654076566786392,0.0292478328393868,-0.192338492991602,0.787989261257738,0.186037968263296,-0.0242843932755583,0.0411162346774187,0.0477049415121031,0.0222692254422958
-2.94811553931558,-0.0297637392068435,0.00841621570954608,-0.0177623115719584,-0.000197124196140406,-0.00531872183312528,-0.0957595535766603,-0.0262581500072314,-0.074139605308113,0.0481542389622715,0.163204772245043,0.190453617003794,0.000840221456849081,0.101087657750955,0.402722440293689,0.00140619969283873,0.00196697218877801,0.0500299719648951,-0.223580842543643,0.830714119069221,0.17717625315529,-0.080954524105954,0.0442038863364121,0.0359777091906165,0.0216516336608601
-3.32713095738633,-0.0134406623858806,0.00537259801538878,-0.0170011855243275,-0.000197803942116516,0.0133745571489071,-0.124144443690924,0.00298826745045981,-0.0766567752627353,0.0507204364332696,0.155395816352981,0.206802676995327,0.000463927942323575,0.102477533656,0.390463309897671,0.000814720512268199,0.00178430204014995,0.0436811469930872,-0.185527019651026,0.709080709802446,0.142798537132197,-0.122136776717692,-0.0282529643779653,0.0588864278411261,0.0308159095864735
-3.61696822695523,-0.0356263797954465,0.0121306174171929,-0.0186752630008958,-0.000174178405746947,-0.0211056244393159,-0.152232945613013,0.000300145912856457,-0.0601181276495177,0.0300421900437141,0.161282169833874,0.227475256663937,0.000464113949540981,0.102511814335841,0.442953473579584,0.00013030488592971,0.000337108255881616,-0.133703780919893,-0.127092143500125,0.719889550858796,0.11740597115139,-0.0430279503467465,0.00142217677194406,0.0482714259284624,0.0238298262594063
-3.72464723928319,-0.0319662534173169,0.0109226995203716,-0.0157795369061439,-0.000158091587274588,-0.000766497051721819,-0.14385146087982,0.0151618612281591,-0.0672523883539588,0.0397593338418198,0.149498416567847,0.20925262625773,0.000742679056772254,0.101337308422276,0.399839233305457,-0.00103445868127828,0.00171129626596444,-0.017272028401521,-0.154290589365402,0.876100907480635,0.204336776441175,-0.083711605469921,0.0206949319008307,0.0426617031339891,0.0140570784698279
-3.07786599852233,-0.00426242920993821,0.00398525671035317,-0.0199948195204209,-0.000173235564740691,0.0216016393199337,-0.154396571477503,-0.022844303288951,-0.0696111882650062,0.0649782920204971,0.19903397881181,0.178640682658093,0.000676148996010776,0.100429096107023,0.359314727373766,0.00242149629603356,0.000731917538106746,-0.0450923842483502,-0.228527280122803,0.947006662933959,0.204101036957482,-0.0111660381107157,0.0510222999828759,0.0343567631430024,0.00816829328431395
-2.99309100570406,-0.0270750902755677,0.0058410549598868,-0.016668722184663,-0.000186471085928905,0.00985660489000364,-0.12857223063684,-0.0153800393725338,-0.0728470837473907,0.0583583809629132,0.119277116724977,0.172885349084232,0.000755074215636889,0.102025867754743,0.406116399082855,0.00138553709432375,0.000156457491315322,0.0177498700445018,-0.208230985144811,0.72557279438533,0.182508021072522,-0.0307606918374313,0.047518018277198,0.049464029578024,0.0186608790222298
-3.46220595476578,-0.030900331308743,0.0161935451809956,-0.0194725739168088,-0.000155107184477492,-0.00697519737270538,-0.13928956823119,-0.00392606751443967,-0.0651282719889583,0.0396007624444594,0.18130263863099,0.223979268415598,0.000192344603473756,0.101821112198617,0.405400426070712,0.000929658421086991,0.000215602239426343,-0.0386067538161743,-0.196567092911337,0.852828501755645,0.163940626215174,-0.0260467906370413,0.0108147309266982,0.0374891859988598,0.0195036705764659
-3.16404073609408,-0.0118539850404308,0.00360829280801671,-0.0184650717483148,-0.000176001179004142,0.00606897421854769,-0.11754674335715,-0.0190515404916642,-0.0727926390158481,0.0664632181772011,0.115843340237686,0.246549676442733,0.000276421773913165,0.103993598703888,0.35283949652358,0.000492093467027943,0.00145560041963712,0.0361767706133727,-0.140488656821313,0.767344204253737,0.148267069406142,-0.103289360499831,0.0250142154445118,0.0310254027299273,0.0162872204241674
-3.4195038299816,-0.0193518751574789,0.00768953272887507,-0.0159767642095386,-0.000167023761138425,0.0171270397580481,-0.137933805889652,-0.00175527798940564,-0.0763552811928758,0.0349016515859566,0.19444383675029,0.176371019401754,0.000589617948596074,0.102326972960896,0.412486221303568,0.0034935725396162,0.00106271437817802,-0.151508799608322,-0.114267935107353,0.810315763853875,0.209221060226645,-0.000217427117740453,0.0574198540304121,0.0506726145795413,0.0188331794815769
-3.01643809323994,-0.0201488553758153,0.0187330274856184,-0.0188768289274854,-0.000175043272905307,-0.00327665902332922,-0.131676031695944,-0.0230555690428022,-0.0709439220851652,0.0674424154763709,0.115808524311057,0.2078318500163,0.00055781158966385,0.101695154216304,0.412979535685513,0.00131042655353001,0.00104742867432096,0.060927809152902,-0.211429676667261,0.896263924765621,0.196760730531712,-0.0610837463055809,0.0277596995696729,0.0297812909366297,0.0117670310833706
-3.5797650587098,-0.0249316103278128,0.00860239674125437,-0.0178819417435044,-0.000179342321084409,0.00585984294890236,-0.106996460105384,0.00567488975176938,-0.0604197763444792,0.0648567964981133,0.121729828763765,0.189424867431169,0.000519074424282509,0.102798717033996,0.39761703305722,0.00180687433416412,0.00118093586742593,-0.0226009231097489,-0.154014113665516,0.70451529126107,0.174268367199226,-0.049215044948957,0.0367535627264215,0.0347470037975692,0.0120022076727908
-3.29608967269016,-0.0271385450713528,0.00275430088462587,-0.0166524716880706,-0.000231693556718461,0.00743848773730783,-0.170806644064617,-0.0066786007167948,-0.0674206015106614,0.0828373828245381,0.173177610561667,0.213149021386091,0.000592431990052954,0.10233865003393,0.373157000453546,0.00222693416340374,0.000119415880176052,-0.0472448534616472,-0.230751036639307,0.704655498476575,0.166682534698713,-0.0539441475189635,0.0651630412996179,0.0530787278809611,0.031477689249375
-3.19902016416672,-0.0361673967732306,0.0142194197142422,-0.0201078270956397,-0.000157464646897786,0.022745766331367,-0.126159051335804,-0.00357937563519208,-0.0715735921616732,0.0828940202724429,0.118521187057249,0.166143991983423,0.000887255956935892,0.101704037442971,0.442171776676788,0.000412214934794873,0.00096830294198936,-0.0646562302902387,-0.213907984215546,0.746191878493271,0.19387487057774,-0.0307601008787322,0.0355591128104226,0.0543271016137613,0.0245678643078674
-3.28757114860272,-0.018489908097775,0.00129349548177863,-0.0202019269962805,-0.000157844420201585,-0.00378555697855276,-0.133145965826028,-0.0138463786892032,-0.0659167523547031,0.0533449019223124,0.166527456984776,0.203565473230293,0.000490508522915626,0.102698732781421,0.417877223974304,0.00317622987759982,0.000526393968855248,-0.0884027631653834,-0.178703139512242,0.68883252309319,0.168863553052801,-0.0327476766786238,0.0512808406131134,0.0568458074224176,0.026085830568618
-3.70672660760283,-0.0252099206717371,0.0134964592138784,-0.0149521857750382,-0.000151898313272823,0.0154749038063336,-0.127742012810153,0.0117523968480583,-0.0566676145746533,0.0685194537645857,0.130309253014207,0.149230304977,0.000771053313196561,0.100765485137514,0.388636215014077,0.00210209041436237,0.000462914543161023,-0.211894607739781,-0.159295612497006,0.926810762224562,0.175798880604849,0.00851277579203551,0.0153867029131796,0.0479483785758274,0.0268115250423595
-3.5910192840638,-0.0256864406025277,0.0135993943900304,-0.0163944807456621,-0.000158069023350569,-0.0159966425513432,-0.132411535452384,-0.00823254372873973,-0.0538745057652383,0.0446143940926436,0.164506301993815,0.218298305387646,0.000427669226497162,0.102898246639644,0.389458689791888,0.00189591367625667,0.000798041092267821,0.0206666696444403,-0.18577369231026,0.801158323291971,0.166654793351989,-0.0577641983307471,0.0685395479245039,0.0479326362936054,0.0299934935778801
